{"cameraMode":{"drawMode":0,"name":"Shaded","section":"Shading Mode"},"sceneLighting":false,"audioPlay":false,"sceneViewState":{"showFog":true,"showMaterialUpdate":false,"showSkybox":true,"showFlares":true,"showImageEffects":true,"showParticleSystems":true},"in2DMode":false,"pivot":{"x":-1.0424922704696656,"y":-0.084908127784729,"z":-1.2124319076538087},"rotation":{"x":-0.07215607166290283,"y":0.049945347011089328,"z":-0.0036177756264805795,"w":-0.9961361885070801},"size":10.0,"orthographic":false}